{"cameraMode":{"drawMode":0,"name":"Shaded","section":"Shading Mode"},"sceneLighting":false,"audioPlay":false,"sceneViewState":{"m_AlwaysRefresh":false,"showFog":true,"showSkybox":false,"showFlares":true,"showImageEffects":true,"showParticleSystems":true,"showVisualEffectGraphs":true,"m_FxEnabled":true},"in2DMode":false,"pivot":{"x":-7.884771347045898,"y":-5.259984016418457,"z":70.08796691894531},"rotation":{"x":0.13271598517894746,"y":-0.10092104971408844,"z":0.013542144559323788,"w":0.9858714938163757},"size":13.941291809082032,"orthographic":false}