{"cameraMode":{"drawMode":0,"name":"Shaded","section":"Shading Mode"},"sceneLighting":false,"audioPlay":false,"sceneViewState":{"m_AlwaysRefresh":false,"showFog":true,"showSkybox":false,"showFlares":true,"showImageEffects":true,"showParticleSystems":true,"showVisualEffectGraphs":true,"m_FxEnabled":true},"in2DMode":false,"pivot":{"x":-9.148406982421875,"y":-1.1227779388427735,"z":1.3756104707717896},"rotation":{"x":0.034263864159584048,"y":-0.6156163215637207,"z":0.026778563857078553,"w":0.7868760228157044},"size":5.75159215927124,"orthographic":false}